position,n_mutations,mean_binder_fraction,sd_binder_fraction,mean_log2fc,mean_delta_log2fc
1,19,1.0,0.0,3.274340502839865,-0.8711310323239478
2,19,0.9824561403508772,0.0481727760846733,2.279620787175564,-1.865850747988249
3,19,0.8546365914786967,0.1369811695780798,1.0144919021048373,-3.130979633058976
4,19,0.8546365914786967,0.0958626140296004,0.9974938344064538,-3.1479777007573597
5,19,0.568922305764411,0.0931972934305396,0.0516900115839641,-4.093781523579849
6,19,0.7343358395989975,0.1457517929679068,0.6342243433862189,-3.511247191777594
7,19,0.7669172932330827,0.1625684628864005,0.9238778265879684,-3.221593708575844
8,19,0.887218045112782,0.0955161632611959,1.8013463461636412,-2.344125189000172
9,19,0.93734335839599,0.0870163183089249,1.8672213086358973,-2.2782502265279154
