Mutation_Position,N_Mutations,Mean_Binder_Fraction,Median_Binder_Fraction,SD_Binder_Fraction,Mean_log2FC,Mean_Delta_log2FC,Median_Delta_log2FC
1,19,1.0,1.0,0.0,3.274340502839865,-0.8711310323239478,-0.9927920141591446
2,19,0.9824561403508772,1.0,0.04817277608467333,2.279620787175564,-1.865850747988249,-1.6590657728010312
3,19,0.8546365914786967,0.9047619047619048,0.13698116957807982,1.0144919021048373,-3.130979633058976,-3.585212946870711
4,19,0.8546365914786967,0.8571428571428571,0.09586261402960042,0.9974938344064538,-3.1479777007573593,-3.386042097352273
5,19,0.568922305764411,0.5714285714285714,0.09319729343053965,0.05169001158396418,-4.093781523579849,-4.183884229841834
6,19,0.7343358395989975,0.7619047619047619,0.14575179296790688,0.6342243433862189,-3.511247191777594,-3.7701773731880643
7,19,0.7669172932330827,0.7619047619047619,0.16256846288640053,0.9238778265879685,-3.221593708575844,-3.3912604715530525
8,19,0.887218045112782,0.9047619047619048,0.09551616326119595,1.8013463461636412,-2.344125189000172,-2.3129669588611366
9,19,0.93734335839599,1.0,0.08701631830892498,1.8672213086358973,-2.2782502265279154,-2.2622521520981858
