Mutation,Mutation_Position,WT_Residue,Mutant_Residue,Experimental_Disruption,Binder_Fraction,Binder_Loss_Fraction,Mean_AUC01,Median_AUC01,SD_AUC01,N_Models
F7A,7,F,A,3.842245895428418,0.6190476190476191,0.38095238095238093,0.4979757085020243,0.5101214574898785,0.020300669490785704,8
F7C,7,F,C,2.584261048485574,0.9523809523809523,0.04761904761904767,0.8003289473684211,0.8328947368421051,0.12219498178488022,8
F7D,7,F,D,4.088514941129576,0.5238095238095238,0.47619047619047616,0.5080741626794258,0.4976076555023923,0.04015266622525352,8
F7E,7,F,E,4.076998441620946,0.6666666666666666,0.33333333333333337,0.5499295112781954,0.5155075187969924,0.06602963205489192,8
F7G,7,F,G,3.9258263304313368,0.5238095238095238,0.47619047619047616,0.5372308612440191,0.5215311004784688,0.06337112887183233,8
F7H,7,F,H,2.974637287199781,0.9047619047619048,0.09523809523809523,0.6945983379501385,0.6814404432132963,0.1498462438850471,8
F7I,7,F,I,3.2187622947919774,0.9047619047619048,0.09523809523809523,0.6945983379501385,0.6814404432132963,0.15558858490847283,8
F7K,7,F,K,4.121650548987894,0.5714285714285714,0.4285714285714286,0.5005482456140351,0.493421052631579,0.032352464297071754,8
F7L,7,F,L,3.382941472902987,0.8571428571428571,0.1428571428571429,0.6055372807017544,0.6052631578947368,0.10424875665859491,8
F7N,7,F,N,3.401643515878927,0.6666666666666666,0.33333333333333337,0.5217340225563909,0.49248120300751874,0.0892262472269038,8
F7P,7,F,P,3.692830237532412,0.7142857142857143,0.2857142857142857,0.5572368421052631,0.5096491228070176,0.08568024833863921,8
F7Q,7,F,Q,3.1857476944026955,0.8571428571428571,0.1428571428571429,0.6425438596491229,0.6345029239766082,0.12288407098551171,8
F7R,7,F,R,4.1317511361600365,0.5714285714285714,0.4285714285714286,0.5097313596491228,0.5175438596491228,0.03347153809839084,8
F7S,7,F,S,3.0538810074458382,0.7142857142857143,0.2857142857142857,0.530921052631579,0.5087719298245614,0.05597514460869874,8
F7T,7,F,T,3.158669392048917,0.7619047619047619,0.23809523809523814,0.5723684210526315,0.5394736842105263,0.08965593998279561,8
F7V,7,F,V,2.882247712158553,0.9523809523809523,0.04761904761904767,0.7151315789473685,0.75,0.1602934956531733,8
F7W,7,F,W,2.9665988383973736,0.8095238095238095,0.19047619047619047,0.5804953560371517,0.5758513931888545,0.08860889117633403,8
L2D,2,L,D,3.512786014203991,0.9047619047619048,0.09523809523809523,0.6218836565096952,0.6260387811634349,0.08221395449316471,8
L2R,2,L,R,3.7084811415836145,0.8095238095238095,0.19047619047619047,0.6656346749226006,0.6594427244582044,0.11407794034606636,8
L2W,2,L,W,3.145789955266732,0.9523809523809523,0.04761904761904767,0.7282894736842105,0.75,0.16109384454748182,8
L8A,8,L,A,3.0105910616114793,0.8571428571428571,0.1428571428571429,0.6059941520467836,0.564327485380117,0.1391952387999858,8
L8C,8,L,C,1.4826398937231102,0.9523809523809523,0.04761904761904767,0.7118421052631578,0.75,0.1478442907570592,8
L8D,8,L,D,4.019274659706137,0.6190476190476191,0.38095238095238093,0.541497975708502,0.5222672064777327,0.06027398652679807,8
L8E,8,L,E,3.4287066974044906,0.7619047619047619,0.23809523809523814,0.5883018092105263,0.555921052631579,0.11966676657380146,8
L8F,8,L,F,1.8546000604116228,0.9047619047619048,0.09523809523809523,0.6895775623268698,0.6675900277008311,0.15394079732184276,8
L8G,8,L,G,3.178088344353855,0.8095238095238095,0.19047619047619047,0.565015479876161,0.5139318885448916,0.10784613513866917,8
L8H,8,L,H,2.2300097860181203,0.9047619047619048,0.09523809523809523,0.6861149584487535,0.6537396121883656,0.16376144914568258,8
L8K,8,L,K,3.563282453148393,0.9047619047619048,0.09523809523809523,0.6156509695290858,0.5858725761772854,0.11456562728482114,8
L8N,8,L,N,2.407547516113828,0.9047619047619048,0.09523809523809523,0.6703601108033241,0.667590027700831,0.1227082942719043,8
L8P,8,L,P,3.1847402351299547,0.7619047619047619,0.23809523809523814,0.5929276315789473,0.5888157894736842,0.10243121346681072,8
L8Q,8,L,Q,1.7673604382867143,0.9047619047619048,0.09523809523809523,0.6791897506925207,0.6537396121883656,0.16043940066323562,8
L8R,8,L,R,3.032482667905828,0.9047619047619048,0.09523809523809523,0.6118421052631579,0.5844875346260388,0.11604572576547889,8
L8S,8,L,S,2.443215428418519,0.9523809523809523,0.04761904761904767,0.7217105263157895,0.75,0.16298650954975297,8
L8T,8,L,T,1.3633417879191267,0.9523809523809523,0.04761904761904767,0.725,0.75,0.1671888666596631,8
L8W,8,L,W,2.5987644992025816,0.9047619047619048,0.09523809523809523,0.6156509695290858,0.5581717451523546,0.13049036291255203,8
L8Y,8,L,Y,2.974465248565496,0.8571428571428571,0.1428571428571429,0.6766264619883041,0.6929824561403508,0.12498438829994334,8
L9A,9,L,A,2.500660399781433,0.8571428571428571,0.1428571428571429,0.5950292397660819,0.5321637426900585,0.11573081051950024,8
L9D,9,L,D,3.106317085000311,0.8095238095238095,0.19047619047619047,0.646671826625387,0.628482972136223,0.11860266821335648,8
L9F,9,L,F,2.539974931077295,0.9523809523809523,0.04761904761904767,0.7871710526315789,0.8026315789473684,0.1290082524670047,8
L9G,9,L,G,2.789633723830739,0.8095238095238095,0.19047619047619047,0.5688854489164087,0.5356037151702786,0.08905206364032457,8
L9R,9,L,R,3.459781153995743,0.8095238095238095,0.19047619047619047,0.6501547987616099,0.6439628482972137,0.12196727927920874,8
L9S,9,L,S,2.3795565723162517,0.8571428571428571,0.1428571428571429,0.5804093567251463,0.5321637426900585,0.09937834099573617,8
L9W,9,L,W,3.226049622211491,0.9523809523809523,0.04761904761904767,0.796875,0.8157894736842105,0.14099036594910666,8
L9Y,9,L,Y,3.6614966381507412,0.7619047619047619,0.23809523809523814,0.6104029605263158,0.5723684210526316,0.0908269130981084,8
P4C,4,P,C,3.160701385577715,0.8571428571428571,0.1428571428571429,0.5913742690058479,0.5760233918128654,0.10875295151581042,8
P4D,4,P,D,3.7777094352921807,0.9047619047619048,0.09523809523809523,0.7619459833795014,0.7506925207756232,0.10244610497135496,8
P4E,4,P,E,3.5296476268619936,0.8095238095238095,0.19047619047619047,0.6195820433436533,0.6130030959752322,0.10323298502604651,8
P4F,4,P,F,3.7124933907660034,0.8571428571428571,0.1428571428571429,0.6254568713450293,0.5906432748538012,0.12684557837666938,8
P4H,4,P,H,2.673637483035744,0.9047619047619048,0.09523809523809523,0.6045706371191135,0.5706371191135734,0.11800637620442121,8
P4I,4,P,I,3.4770534039534717,0.8095238095238095,0.19047619047619047,0.6037151702786377,0.6130030959752322,0.10028010770999303,8
P4K,4,P,K,3.893210117440949,0.6666666666666666,0.33333333333333337,0.5756578947368421,0.5676691729323309,0.0705164642864424,8
P4L,4,P,L,3.8282562275505834,0.8571428571428571,0.1428571428571429,0.6169590643274854,0.6052631578947368,0.08657002629025154,8
P4M,4,P,M,3.358864930534401,0.7619047619047619,0.23809523809523814,0.6006373355263157,0.6052631578947368,0.08756906747771415,8
P4N,4,P,N,3.0642225395539517,0.9523809523809523,0.04761904761904767,0.6065789473684211,0.5921052631578947,0.0985349748781529,8
P4Q,4,P,Q,2.692403826929383,0.8095238095238095,0.19047619047619047,0.6037151702786377,0.5975232198142415,0.07888013024186806,8
P4R,4,P,R,3.4375064394076396,0.8571428571428571,0.1428571428571429,0.6218019005847953,0.6052631578947368,0.12454079663077901,8
P4S,4,P,S,2.7008827080294187,0.9523809523809523,0.04761904761904767,0.606578947368421,0.5921052631578947,0.09547540017192757,8
P4T,4,P,T,3.4375396657783077,0.6666666666666666,0.33333333333333337,0.5734257518796992,0.5676691729323309,0.07676652130477922,8
P4V,4,P,V,3.697780088418393,0.8095238095238095,0.19047619047619047,0.611842105263158,0.6130030959752322,0.10477992862712368,8
P4W,4,P,W,3.002547261825028,0.9523809523809523,0.04761904761904767,0.6756578947368421,0.618421052631579,0.1928466998008007,8
P4Y,4,P,Y,3.900733454621152,0.8095238095238095,0.19047619047619047,0.5913312693498451,0.5356037151702786,0.15640038316179672,8
Q3C,3,Q,C,2.2753923267526823,0.9523809523809523,0.04761904761904767,0.7052631578947368,0.7105263157894737,0.14572119136006578,8
Q3D,3,Q,D,3.9984814275044895,0.6190476190476191,0.38095238095238093,0.5425101214574899,0.534412955465587,0.05774428675233633,8
Q3E,3,Q,E,3.6195073795810324,0.8095238095238095,0.19047619047619047,0.6079721362229102,0.6130030959752322,0.10064725904005929,8
Q3F,3,Q,F,3.969896643708333,0.5238095238095238,0.47619047619047616,0.5783492822966507,0.569377990430622,0.08667091355376459,8
Q3H,3,Q,H,3.8413641329636286,0.8571428571428571,0.1428571428571429,0.6291118421052632,0.5906432748538012,0.1327243710842732,8
Q3K,3,Q,K,3.629642693980698,0.9047619047619048,0.09523809523809523,0.618421052631579,0.6121883656509695,0.10842066236440547,8
Q3L,3,Q,L,2.9907938363198436,0.9047619047619048,0.09523809523809523,0.7654085872576177,0.7368421052631579,0.09584686968241059,8
Q3N,3,Q,N,3.4553142096753673,0.7619047619047619,0.23809523809523814,0.6767064144736842,0.6710526315789473,0.12302072234769115,8
Q3P,3,Q,P,3.5460180956702123,0.8571428571428571,0.1428571428571429,0.5913742690058479,0.5760233918128654,0.08477011119487857,8
Q3R,3,Q,R,3.8734750537760854,0.7619047619047619,0.23809523809523814,0.5440995065789473,0.5435855263157895,0.05151830381703534,8
Q3T,3,Q,T,3.3184904208104085,0.9047619047619048,0.09523809523809523,0.6842105263157895,0.6537396121883656,0.1452870202445015,8
Q3V,3,Q,V,2.935175399257961,0.9047619047619048,0.09523809523809523,0.7790858725761772,0.7783933518005539,0.14110537173608656,8
Q3W,3,Q,W,3.9591914665435968,0.7142857142857143,0.2857142857142857,0.5585526315789474,0.5491228070175438,0.04106845334853232,8
Q3Y,3,Q,Y,3.9762518127010886,0.7619047619047619,0.23809523809523814,0.5615748355263158,0.5723684210526316,0.053156593231282454,8
R5A,5,R,A,3.9862401823770135,0.6666666666666666,0.33333333333333337,0.544407894736842,0.5366541353383458,0.05123134993193551,8
R5C,5,R,C,4.0258428624928895,0.5238095238095238,0.47619047619047616,0.53125,0.5454545454545454,0.043592642754525276,8
R5D,5,R,D,4.169190874571867,0.47619047619047616,0.5238095238095238,0.5477511961722488,0.5550239234449761,0.06157693180710373,8
R5E,5,R,E,4.064428742892594,0.7142857142857143,0.2857142857142857,0.54375,0.5491228070175438,0.04822040238958013,8
R5F,5,R,F,3.9905648057039724,0.5238095238095238,0.47619047619047616,0.5394736842105263,0.5215311004784688,0.056829422926575154,8
R5G,5,R,G,4.096260434122478,0.5714285714285714,0.4285714285714286,0.549890350877193,0.5175438596491228,0.07350114133058337,8
R5H,5,R,H,4.056120074072591,0.6666666666666666,0.33333333333333337,0.5525728383458647,0.5676691729323309,0.0527587590271498,8
R5I,5,R,I,4.816045917171094,0.42857142857142855,0.5714285714285714,0.5717592592592593,0.5419103313840156,0.08139745877362206,8
R5K,5,R,K,3.920417288566487,0.6190476190476191,0.38095238095238093,0.5101214574898785,0.4939271255060729,0.04780561785950683,8
R5L,5,R,L,4.146123746477146,0.47619047619047616,0.5238095238095238,0.5075433612440191,0.5180921052631579,0.02643495121938836,8
R5M,5,R,M,4.090033893976655,0.38095238095238093,0.6190476190476191,0.5316058324898786,0.5333059210526316,0.055457465684456364,8
R5N,5,R,N,4.0864686208859,0.6190476190476191,0.38095238095238093,0.5339068825910931,0.5425101214574899,0.049605468643088436,8
R5P,5,R,P,4.085874156789295,0.6190476190476191,0.38095238095238093,0.5263157894736842,0.5141700404858299,0.047015387930368004,8
R5Q,5,R,Q,4.049717437110483,0.7142857142857143,0.2857142857142857,0.5622807017543859,0.5666666666666667,0.06595717973129075,8
R5S,5,R,S,3.981859332687196,0.47619047619047616,0.5238095238095238,0.5195050837320574,0.5180921052631579,0.04439015358106978,8
R5T,5,R,T,4.068637534772608,0.5714285714285714,0.4285714285714286,0.5152138157894737,0.5175438596491228,0.038192976681914494,8
R5V,5,R,V,4.082032776621783,0.6190476190476191,0.38095238095238093,0.5465587044534412,0.5222672064777327,0.06316679209474171,8
R5W,5,R,W,4.038140476703542,0.5714285714285714,0.4285714285714286,0.5261787280701754,0.5175438596491228,0.05503230533805098,8
R5Y,5,R,Y,4.027849790021531,0.5714285714285714,0.4285714285714286,0.5097313596491228,0.5175438596491228,0.023889834647375843,8
T6A,6,T,A,3.1453020979434663,0.8571428571428571,0.1428571428571429,0.5730994152046783,0.5350877192982456,0.10540230290973689,8
T6C,6,T,C,2.425014147604694,0.9047619047619048,0.09523809523809523,0.6218836565096953,0.556786703601108,0.15160082643746212,8
T6D,6,T,D,3.9610118284897116,0.5714285714285714,0.4285714285714286,0.526110197368421,0.5175438596491228,0.057152891382980735,8
T6E,6,T,E,4.0823481498798095,0.6666666666666666,0.33333333333333337,0.519266917293233,0.5112781954887218,0.048662588665166255,8
T6F,6,T,F,3.894610942232536,0.6190476190476191,0.38095238095238093,0.5161943319838056,0.5141700404858299,0.03791737051031525,8
T6G,6,T,G,2.6898123479315297,0.9047619047619048,0.09523809523809523,0.6395429362880887,0.6260387811634349,0.13612871970657178,8
T6H,6,T,H,3.7506124096734745,0.5714285714285714,0.4285714285714286,0.5042489035087719,0.4956140350877193,0.03553732492482703,8
T6I,6,T,I,3.1320628684324587,0.8095238095238095,0.19047619047619047,0.5228328173374612,0.5046439628482972,0.05771761215033973,8
T6K,6,T,K,4.077047044197654,0.5714285714285714,0.4285714285714286,0.5334429824561403,0.5175438596491228,0.0702512709008476,8
T6L,6,T,L,3.3330387594393778,0.8095238095238095,0.19047619047619047,0.5611455108359134,0.5139318885448916,0.11206465097557496,8
T6M,6,T,M,3.6739169317196607,0.8095238095238095,0.19047619047619047,0.5851393188854489,0.5448916408668731,0.10276186276130996,8
T6N,6,T,N,2.912544956475058,0.9523809523809523,0.04761904761904767,0.7282894736842106,0.763157894736842,0.1641357430447,8
T6P,6,T,P,4.09158703890258,0.5238095238095238,0.47619047619047616,0.489383971291866,0.47368421052631576,0.022364057202599718,8
T6Q,6,T,Q,3.8730619664039625,0.7619047619047619,0.23809523809523814,0.555921052631579,0.5394736842105263,0.06809857493510074,8
T6R,6,T,R,3.939946257531636,0.7142857142857143,0.2857142857142857,0.5265350877192982,0.5087719298245614,0.05923813521363411,8
T6S,6,T,S,3.1771188688244028,0.9047619047619048,0.09523809523809523,0.6253462603878116,0.5983379501385041,0.1404044548837419,8
T6V,6,T,V,2.7077003343451804,0.8571428571428571,0.1428571428571429,0.5877192982456141,0.52046783625731,0.13250855132207368,8
T6W,6,T,W,3.961763811884335,0.6190476190476191,0.38095238095238093,0.5030364372469636,0.4939271255060729,0.03593575594569819,8
T6Y,6,T,Y,3.8851958818627614,0.5238095238095238,0.47619047619047616,0.5035885167464114,0.5215311004784688,0.02476311815821846,8
