TCR_Group,Model,N_Rows,N_Scored,N_Positive,N_Negative,AUC01,Spearman_Rho_vs_log2FC,Spearman_P_vs_log2FC
SVAR.1,ERGO,172,172,124,48,0.5369977362761743,-0.10844589614945427,0.1567569100267955
SVAR.1,EPACT,172,172,124,48,0.5730758347481607,0.3414630119866296,4.5587151193960755e-06
SVAR.1,PanPep,172,172,124,48,0.5835101867572157,0.06026449068155055,0.4322704883325459
SVAR.1,TITAN,172,172,124,48,0.4777518392756084,-0.3561296865145246,1.6293218542170142e-06
SVAR.1,NetTCR,172,172,124,48,0.5387662705149971,0.026715563442996245,0.7279313736753026
SVAR.1,NetTCR22,172,172,124,48,0.5085243350311262,-0.10031307300916713,0.19043085432964024
SVAR.1,ERGO2,172,172,124,48,0.517013299377476,0.2584308615700256,0.0006195476236718266
SVAR.1,SCEPTR,172,172,124,48,0.4905281821575215,-0.0731586331517022,0.3402107372645967
SVAR.13,ERGO,172,172,126,46,0.48621553884711777,-0.1445333619525982,0.05853627793394064
SVAR.13,EPACT,172,172,126,46,0.6849006574407033,0.5352580864609886,3.889204619998913e-14
SVAR.13,PanPep,172,172,126,46,0.48476263121572044,-0.2764953755183427,0.00024103523228835214
SVAR.13,TITAN,172,172,126,46,0.47368421052631576,-0.20878036931676036,0.005986515529597226
SVAR.13,NetTCR,172,172,126,46,0.5003813882532417,-0.046008470125679386,0.5489641505210946
SVAR.13,NetTCR22,172,172,126,46,0.5557734917002651,0.10800204471924994,0.15847072579130414
SVAR.13,ERGO2,172,172,126,46,0.5535941302531692,0.1441689921325496,0.05918175236682502
SVAR.13,SCEPTR,172,172,126,46,0.5,,
SVAR.14,ERGO,172,172,170,2,0.6811145510835913,-0.22905256852378053,0.002507972908605286
SVAR.14,EPACT,172,172,170,2,0.7647058823529411,0.2966668651623571,7.759317662214798e-05
SVAR.14,PanPep,172,172,170,2,0.5727554179566563,-0.028685960835832774,0.7087417797125486
SVAR.14,TITAN,172,172,170,2,0.47678018575851394,-0.40088061312754925,5.052129434280027e-08
SVAR.14,NetTCR,172,172,170,2,0.5170278637770898,-0.02372396292416326,0.7573887897389353
SVAR.14,NetTCR22,172,172,170,2,0.7708978328173375,-0.046345390665956984,0.5460387733269509
SVAR.14,ERGO2,172,172,170,2,0.9164086687306501,0.3564820519654341,1.588522511236061e-06
SVAR.14,SCEPTR,172,172,170,2,0.5,,
SVAR.16,ERGO,172,172,94,78,0.4966548941912884,-0.14174357390024578,0.06362904211769448
SVAR.16,EPACT,172,172,94,78,0.4861745197691446,-0.05082746149824212,0.5078665302366207
SVAR.16,PanPep,172,172,94,78,0.5021104315617193,-0.000566007366350135,0.9941204505792822
SVAR.16,TITAN,172,172,94,78,0.47368421052631576,-0.15394103264509118,0.04377586638179648
SVAR.16,NetTCR,172,172,94,78,0.5285267177764378,-0.0033535976001265195,0.9651742832982206
SVAR.16,NetTCR22,172,172,94,78,0.548913199529101,0.03250061464863004,0.6721162858167584
SVAR.16,ERGO2,172,172,94,78,0.5349872225572113,0.08589279702564621,0.26257266342744967
SVAR.16,SCEPTR,172,172,94,78,0.5,,
SVAR.2,ERGO,172,172,147,25,0.49874686716791977,-0.09714331533902641,0.20489324330124306
SVAR.2,EPACT,172,172,147,25,0.527389903329753,0.3741754574633923,4.2729096860443406e-07
SVAR.2,PanPep,172,172,147,25,0.5696383816684568,-0.10359579551109255,0.1762535568058788
SVAR.2,TITAN,172,172,147,25,0.4822771213748657,-0.2742846496534386,0.0002715169304417799
SVAR.2,NetTCR,172,172,147,25,0.5051915503043323,-0.0802715890411605,0.29520765284441686
SVAR.2,NetTCR22,172,172,147,25,0.5238095238095238,0.0020258335043146242,0.9789583543068096
SVAR.2,ERGO2,172,172,147,25,0.5066237021124239,0.15045410272555967,0.048835226617963266
SVAR.2,SCEPTR,172,172,147,25,0.5336811416295841,-0.01607213710686763,0.834244799481841
SVAR.21,ERGO,172,172,172,0,,-0.1532323442551403,0.044767005084519265
SVAR.21,EPACT,172,172,172,0,,-0.4343174982946834,2.63962946959686e-09
SVAR.21,PanPep,172,172,172,0,,-0.02086562572409508,0.7858647892168051
SVAR.21,TITAN,172,172,172,0,,-0.07890614359726172,0.30352495397116264
SVAR.21,NetTCR,172,172,172,0,,0.005305139877519286,0.9449343769468214
SVAR.21,NetTCR22,172,172,172,0,,0.03194521992039897,0.6774035207512259
SVAR.21,ERGO2,172,172,172,0,,0.11386181519743549,0.13695251479716505
SVAR.21,SCEPTR,172,172,172,0,,,
SVAR.26,ERGO,172,172,172,0,,-0.04084448249269497,0.5947354068948127
SVAR.26,EPACT,172,172,172,0,,-0.43551411126283235,2.3606278227894236e-09
SVAR.26,PanPep,172,172,172,0,,-0.07921740094287337,0.3016155521195139
SVAR.26,TITAN,172,172,172,0,,-0.23731024024640168,0.0017214697534251764
SVAR.26,NetTCR,172,172,172,0,,-0.008628084964894468,0.9105591846816046
SVAR.26,NetTCR22,172,172,172,0,,0.06825808977343209,0.37362321737317916
SVAR.26,ERGO2,172,172,172,0,,0.2572313294326015,0.0006581039164548864
SVAR.26,SCEPTR,172,172,172,0,,,
SVAR.3,ERGO,172,172,140,32,0.4851973684210526,-0.157300429457836,0.039324029054359624
SVAR.3,EPACT,172,172,140,32,0.5632048872180451,0.4000089617780167,5.433149441573287e-08
SVAR.3,PanPep,172,172,140,32,0.5072838345864662,0.02604811531449945,0.7344708458028938
SVAR.3,TITAN,172,172,140,32,0.47791353383458646,-0.2587925654976263,0.0006083369209125022
SVAR.3,NetTCR,172,172,140,32,0.524671052631579,0.01885275091209675,0.8060922202272605
SVAR.3,NetTCR22,172,171,139,32,0.5096554335478986,-0.15266757865937075,0.046212626392478695
SVAR.3,ERGO2,172,172,140,32,0.5011748120300752,0.21287996170019077,0.005051244831111404
SVAR.3,SCEPTR,172,172,140,32,0.5,,
SVAR.5,ERGO,172,172,168,4,0.49874686716791977,-0.10440713381536178,0.17287296115988515
SVAR.5,EPACT,172,172,168,4,0.7994987468671679,0.4489193091645038,6.553399410279235e-10
SVAR.5,PanPep,172,172,168,4,0.5676691729323309,0.02864704782939621,0.7091190300143212
SVAR.5,TITAN,172,172,168,4,0.4956140350877193,-0.29571998200573385,8.199072103714773e-05
SVAR.5,NetTCR,172,172,168,4,0.5112781954887218,0.018723052006057173,0.8074001447648028
SVAR.5,NetTCR22,172,172,168,4,0.761904761904762,0.023931498958491643,0.7553333675532272
SVAR.5,ERGO2,172,172,168,4,0.6303258145363408,0.20898642820465502,0.005936048159129583
SVAR.5,SCEPTR,172,172,168,4,0.5,,
SVAR.56,ERGO,172,172,162,10,0.4801819363222872,-0.14835751834216537,0.05210504424707091
SVAR.56,EPACT,172,172,162,10,0.5841455490578298,0.3595795511092558,1.2694275237981732e-06
SVAR.56,PanPep,172,172,162,10,0.5094217024041585,-0.20862311714223045,0.006025286713064537
SVAR.56,TITAN,172,172,162,10,0.47368421052631576,-0.2376993700813399,0.0016906746853028094
SVAR.56,NetTCR,172,172,162,10,0.5776478232618584,-0.09429205491211562,0.21856434822214008
SVAR.56,NetTCR22,172,172,162,10,0.5094217024041585,-0.014690240859576013,0.8483170658471318
SVAR.56,ERGO2,172,172,162,10,0.5419103313840156,0.17200717885586395,0.024055180068179464
SVAR.56,SCEPTR,172,172,162,10,0.5,,
SVAR.57,ERGO,172,172,129,43,0.5577505147400681,-0.032604459559114764,0.6711294768362428
SVAR.57,EPACT,172,172,129,43,0.5332707105785014,-0.0756836176449426,0.32376047594398105
SVAR.57,PanPep,172,172,129,43,0.6078487186056,0.23062142449160897,0.002337242267544547
SVAR.57,TITAN,172,172,129,43,0.4858292296452326,-0.041022659804775534,0.5931277204077318
SVAR.57,NetTCR,172,172,129,43,0.5830842655584337,-0.004898333635029393,0.9491509870254666
SVAR.57,NetTCR22,172,172,129,43,0.5190382662985208,-0.056112687615914474,0.4647051615776646
SVAR.57,ERGO2,172,172,129,43,0.4859241126070991,-0.016960214894710585,0.8252286344095265
SVAR.57,SCEPTR,172,172,129,43,0.5,,
SVAR.59,ERGO,172,172,172,0,,-0.0024538806631058336,0.9745137418734813
SVAR.59,EPACT,172,172,172,0,,-0.1643746289259798,0.031184402560859702
SVAR.59,PanPep,172,172,172,0,,-0.04194355366971384,0.5848501723974816
SVAR.59,TITAN,172,172,172,0,,-0.07318601795082343,0.3400295257152045
SVAR.59,NetTCR,172,172,172,0,,0.030455948950839726,0.6916583982184092
SVAR.59,NetTCR22,172,172,172,0,,0.07102575395523963,0.35451268182560547
SVAR.59,ERGO2,172,172,172,0,,0.1948836411299861,0.010411641772066991
SVAR.59,SCEPTR,172,172,172,0,,,
SVAR.6,ERGO,172,172,167,5,0.5083517176173968,-0.14906402372525973,0.05098348175956268
SVAR.6,EPACT,172,172,167,5,0.6659312953041285,0.3642129839810561,9.036669123767093e-07
SVAR.6,PanPep,172,172,167,5,0.5524739993696817,-0.04002381949073881,0.6021655521368228
SVAR.6,TITAN,172,172,167,5,0.489442168294989,-0.23216928346978863,0.002179202943061264
SVAR.6,NetTCR,172,172,167,5,0.5146549007248661,0.040357528197234566,0.5991392065123952
SVAR.6,NetTCR22,172,172,167,5,0.7825401827923101,-0.11954318461882385,0.11829539936408548
SVAR.6,ERGO2,172,172,167,5,0.5020485345099275,0.20465187578503574,0.007081728919231117
SVAR.6,SCEPTR,172,172,167,5,0.5721714465805232,0.19312064359887837,0.011141615003491716
SVAR.7,ERGO,172,172,149,23,0.4970282432079615,-0.05851718341696562,0.445759693507914
SVAR.7,EPACT,172,172,149,23,0.47614147712438376,-0.4822004583569992,2.1169397892596088e-11
SVAR.7,PanPep,172,172,149,23,0.48074885199576123,-0.3065333477237373,4.318836118817188e-05
SVAR.7,TITAN,172,172,149,23,0.47368421052631576,-0.19810469181327237,0.00918624327257072
SVAR.7,NetTCR,172,172,149,23,0.5143826885568166,-0.02373114994995331,0.7573175814198513
SVAR.7,NetTCR22,172,172,149,23,0.5633744413557968,0.07449399587271308,0.33144579766506865
SVAR.7,ERGO2,172,172,149,23,0.5575384331853854,0.1737131968212334,0.02266886733787432
SVAR.7,SCEPTR,172,172,149,23,0.5,,
SVAR.73,ERGO,172,172,134,38,0.5268119237606979,-0.22058066596915465,0.003641022708843206
SVAR.73,EPACT,172,172,134,38,0.5268119237606979,-0.498686682937653,3.354547920547208e-12
SVAR.73,PanPep,172,172,134,38,0.4819531153098772,-0.24372924266372903,0.0012734381701574946
SVAR.73,TITAN,172,172,134,38,0.47761194029850745,-0.15151699175874625,0.047243897607131616
SVAR.73,NetTCR,172,172,134,38,0.5232976392276842,-0.031005484978204833,0.6863854512012182
SVAR.73,NetTCR22,172,172,134,38,0.5309463761524786,-0.009633939768461759,0.9001835088154349
SVAR.73,ERGO2,172,172,134,38,0.4889816843759044,0.007703614260386863,0.9201087539788638
SVAR.73,SCEPTR,172,172,134,38,0.5,,
SVAR.74,ERGO,172,172,172,0,,-0.11502233374715375,0.13296925372825
SVAR.74,EPACT,172,172,172,0,,0.2934152001555249,9.368971452789348e-05
SVAR.74,PanPep,172,172,172,0,,-0.02685591785339362,0.7265586964586648
SVAR.74,TITAN,172,172,172,0,,-0.1272233516189019,0.0962890070268565
SVAR.74,NetTCR,172,172,172,0,,0.007077462961847134,0.9265833298949422
SVAR.74,NetTCR22,172,172,172,0,,-0.022990552377063243,0.7646659779132186
SVAR.74,ERGO2,172,172,172,0,,0.15965798944438794,0.03643264811750194
SVAR.74,SCEPTR,172,172,172,0,,0.13283229277153355,0.08237266384733029
SVAR.75,ERGO,172,172,172,0,,-0.16038417772652933,0.03557903881258845
SVAR.75,EPACT,172,172,172,0,,0.33599750013289165,6.601787786639459e-06
SVAR.75,PanPep,172,172,172,0,,0.006973686537865457,0.9276568837607904
SVAR.75,TITAN,172,172,172,0,,-0.16512449221456096,0.030412339369084704
SVAR.75,NetTCR,172,172,172,0,,-0.026608257816525878,0.7289814152511863
SVAR.75,NetTCR22,172,171,171,0,,0.03293137606666646,0.6689488561241449
SVAR.75,ERGO2,172,172,172,0,,0.16558909020169643,0.02994219981569522
SVAR.75,SCEPTR,172,172,172,0,,,
SVAR.76,ERGO,172,172,87,85,0.5288423899505356,-0.09519182638197363,0.21418178205838218
SVAR.76,EPACT,172,172,87,85,0.48827443863207715,-0.2453158468502411,0.0011805604576038628
SVAR.76,PanPep,172,172,87,85,0.543432618056297,-0.07694162636322148,0.3157595815403675
SVAR.76,TITAN,172,172,87,85,0.47688694352514144,0.001535294981224741,0.9840526316654583
SVAR.76,NetTCR,172,172,87,85,0.5505498024981318,0.08636800737697767,0.25993163719461415
SVAR.76,NetTCR22,172,172,87,85,0.5366712928365539,0.014447338026087194,0.8507957113650753
SVAR.76,ERGO2,172,172,87,85,0.48578342407743497,0.018565041616284427,0.8089942922718399
SVAR.76,SCEPTR,172,172,87,85,0.5,,
SVAR.82,ERGO,172,172,111,61,0.4931946614431515,-0.01352877916715631,0.8601819509409872
SVAR.82,EPACT,172,172,111,61,0.48643207487038376,-0.11651518081641377,0.1279767983014947
SVAR.82,PanPep,172,172,111,61,0.496226165768875,-0.05709137733435369,0.4569408085391873
SVAR.82,TITAN,172,172,111,61,0.4768711766123328,-0.10303238982911617,0.17862966750513365
SVAR.82,NetTCR,172,172,111,61,0.5307386765540346,0.0206333633632791,0.7881917801293044
SVAR.82,NetTCR22,172,172,111,61,0.5183017357305537,0.015757437114155823,0.8374450300869174
SVAR.82,ERGO2,172,172,111,61,0.48169049118143165,0.05216474616897593,0.49675236662471667
SVAR.82,SCEPTR,172,172,111,61,0.48982917782730595,-0.06574366332756457,0.3915220596232434
SVAR.85,ERGO,172,172,116,56,0.49167098781436347,0.020918713581690288,0.7853331777249408
SVAR.85,EPACT,172,172,116,56,0.5022037853253825,0.26071273382510685,0.0005518929677794792
SVAR.85,PanPep,172,172,116,56,0.5125745397977703,-0.06428436243626988,0.40214254599489185
SVAR.85,TITAN,172,172,116,56,0.4766009852216749,-0.11815889378465014,0.12264827233826432
SVAR.85,NetTCR,172,172,116,56,0.5470897070261862,0.021114458026704978,0.7833738900407945
SVAR.85,NetTCR22,172,172,116,56,0.5402838994036816,0.05793210144052211,0.45032908471410715
SVAR.85,ERGO2,172,172,116,56,0.5163015296862847,0.09589944867294961,0.2107795241150107
SVAR.85,SCEPTR,172,172,116,56,0.4917634996582365,-0.11474360806881924,0.13391771873094815
SVAR.90,ERGO,172,172,164,8,0.579589216944801,-0.27872341680000984,0.000213559140787225
SVAR.90,EPACT,172,172,164,8,0.730423620025674,0.03595917669465795,0.6395608816102251
SVAR.90,PanPep,172,172,164,8,0.4961489088575096,0.15698341479531458,0.03972717012375304
SVAR.90,TITAN,172,172,164,8,0.5282413350449294,0.019337417236127096,0.8012094766454743
SVAR.90,NetTCR,172,172,164,8,0.4993581514762516,-0.19359007693585478,0.010942971223812104
SVAR.90,NetTCR22,172,172,164,8,0.49293966623876767,-0.10905317524431404,0.15443467701255134
SVAR.90,ERGO2,172,172,164,8,0.6790757381258024,0.19464061459016296,0.010509693301880422
SVAR.90,SCEPTR,172,172,164,8,0.5,,
